Tag Name,Device,Address Type,Address,Comment,Data Type
LiveWeight,MODBUS RTU (Zero-based Addressing),4x,0,kg; Float32 ABCD (high-word-first),32-bit Float
TareWeight,MODBUS RTU (Zero-based Addressing),4x,2,kg,32-bit Float
NetWeight,MODBUS RTU (Zero-based Addressing),4x,4,kg,32-bit Float
TargetWeight,MODBUS RTU (Zero-based Addressing),4x,6,kg,32-bit Float
RatePerKg,MODBUS RTU (Zero-based Addressing),4x,8,PKR/kg,32-bit Float
TargetAmount,MODBUS RTU (Zero-based Addressing),4x,10,PKR,32-bit Float
CurrentAmount,MODBUS RTU (Zero-based Addressing),4x,12,PKR; net x rate,32-bit Float
FillState,MODBUS RTU (Zero-based Addressing),4x,14,0 Idle,1 Ready,2 Validating,3 Fast,4 Slow,5 Settling,6 Complete,7 Aborted,8 Fault,9 Maintenance,16-bit Unsigned
EstopOk,MODBUS RTU (Zero-based Addressing),4x,15,1=OK,16-bit Unsigned
CylinderPresent,MODBUS RTU (Zero-based Addressing),4x,16,1=present,16-bit Unsigned
NozzleEngaged,MODBUS RTU (Zero-based Addressing),4x,17,1=engaged,16-bit Unsigned
WeightStable,MODBUS RTU (Zero-based Addressing),4x,18,1=stable,16-bit Unsigned
TxnCount,MODBUS RTU (Zero-based Addressing),4x,19,total transactions,32-bit Unsigned
UptimeSec,MODBUS RTU (Zero-based Addressing),4x,21,seconds since boot,32-bit Unsigned
Legacy_Command,MODBUS RTU (Zero-based Addressing),4x,23,legacy command; prefer HMI block at 128,16-bit Unsigned
DeviceId,MODBUS RTU (Zero-based Addressing),4x,24,expected 0xA601 / decimal 42497,16-bit Unsigned
RtuSlaveAddr,MODBUS RTU (Zero-based Addressing),4x,25,1-247,16-bit Unsigned
RtuBaud,MODBUS RTU (Zero-based Addressing),4x,26,baud rate (UINT32),32-bit Unsigned
RtuParity,MODBUS RTU (Zero-based Addressing),4x,28,0=N,1=E,2=O,16-bit Unsigned
RtuStopBits,MODBUS RTU (Zero-based Addressing),4x,29,1 or 2,16-bit Unsigned
TcpPort,MODBUS RTU (Zero-based Addressing),4x,30,normally 502,16-bit Unsigned
MqttConnected,MODBUS RTU (Zero-based Addressing),4x,31,0/1,16-bit Unsigned
RtcYear,MODBUS RTU (Zero-based Addressing),4x,32,e.g. 2026,16-bit Unsigned
RtcMonth,MODBUS RTU (Zero-based Addressing),4x,33,1-12,16-bit Unsigned
RtcDay,MODBUS RTU (Zero-based Addressing),4x,34,1-31,16-bit Unsigned
RtcHour,MODBUS RTU (Zero-based Addressing),4x,35,0-23,16-bit Unsigned
RtcMinute,MODBUS RTU (Zero-based Addressing),4x,36,0-59,16-bit Unsigned
RtcSecond,MODBUS RTU (Zero-based Addressing),4x,37,0-59,16-bit Unsigned
RtcUnix,MODBUS RTU (Zero-based Addressing),4x,38,seconds since epoch (UINT32),32-bit Unsigned
StatAllCompleted,MODBUS RTU (Zero-based Addressing),4x,40,all-time completed fills,32-bit Unsigned
StatAllFailed,MODBUS RTU (Zero-based Addressing),4x,42,all-time failed fills,32-bit Unsigned
StatAllKg,MODBUS RTU (Zero-based Addressing),4x,44,all-time kg sold,32-bit Float
StatAllAmount,MODBUS RTU (Zero-based Addressing),4x,46,all-time amount PKR,32-bit Float
StatTodayCompleted,MODBUS RTU (Zero-based Addressing),4x,48,completed today,16-bit Unsigned
StatTodayFailed,MODBUS RTU (Zero-based Addressing),4x,49,failed today,16-bit Unsigned
StatTodayKg,MODBUS RTU (Zero-based Addressing),4x,50,kg today,32-bit Float
StatTodayAmount,MODBUS RTU (Zero-based Addressing),4x,52,amount today PKR,32-bit Float
StatWeekCompleted,MODBUS RTU (Zero-based Addressing),4x,54,completed this week,16-bit Unsigned
StatWeekFailed,MODBUS RTU (Zero-based Addressing),4x,55,failed this week,16-bit Unsigned
StatWeekKg,MODBUS RTU (Zero-based Addressing),4x,56,kg this week,32-bit Float
StatWeekAmount,MODBUS RTU (Zero-based Addressing),4x,58,amount this week PKR,32-bit Float
StatMonthCompleted,MODBUS RTU (Zero-based Addressing),4x,60,completed this month,16-bit Unsigned
StatMonthFailed,MODBUS RTU (Zero-based Addressing),4x,61,failed this month,16-bit Unsigned
StatMonthKg,MODBUS RTU (Zero-based Addressing),4x,62,kg this month,32-bit Float
StatMonthAmount,MODBUS RTU (Zero-based Addressing),4x,64,amount this month PKR,32-bit Float
StatYearCompleted,MODBUS RTU (Zero-based Addressing),4x,66,completed this year,16-bit Unsigned
StatYearFailed,MODBUS RTU (Zero-based Addressing),4x,67,failed this year,16-bit Unsigned
StatYearKg,MODBUS RTU (Zero-based Addressing),4x,68,kg this year,32-bit Float
StatYearAmount,MODBUS RTU (Zero-based Addressing),4x,70,amount this year PKR,32-bit Float
AlarmCode,MODBUS RTU (Zero-based Addressing),4x,72,0 none; 1 estop; 2 nozzle; 3 cylinder; 4 scale read; 5 unstable; 6 not calibrated; 7 overfill; 8 timeout; 9 no flow,16-bit Unsigned
AlarmSeverity,MODBUS RTU (Zero-based Addressing),4x,73,0 none,1 info,2 warning,3 alarm/fault,16-bit Unsigned
ReadinessMask,MODBUS RTU (Zero-based Addressing),4x,74,bit0 estop,bit1 cyl,bit2 nozzle,bit3 stable,bit4 cal,bit5 scale ready,16-bit Unsigned
BlockerMask,MODBUS RTU (Zero-based Addressing),4x,75,bit0 fault,bit1 estop,bit2 cyl,bit3 nozzle,bit4 scale init,bit5 read,bit6 stable,bit7 cal,bit8 sim,16-bit Unsigned
ScaleInitialized,MODBUS RTU (Zero-based Addressing),4x,76,1=HX711 initialized,16-bit Unsigned
ScaleReadError,MODBUS RTU (Zero-based Addressing),4x,77,1=read error,16-bit Unsigned
CalibrationValid,MODBUS RTU (Zero-based Addressing),4x,78,1=calibration valid,16-bit Unsigned
SimulationActive,MODBUS RTU (Zero-based Addressing),4x,79,1=simulated weight active,16-bit Unsigned
AlarmSource,MODBUS RTU (Zero-based Addressing),4x,80,0 none,1 safety,2 scale,3 process,4 operator,16-bit Unsigned
ApplicationLoadPercent,MODBUS RTU (Zero-based Addressing),4x,81,main loop load estimate %,32-bit Float
LoopAvgMs,MODBUS RTU (Zero-based Addressing),4x,83,average loop ms,32-bit Float
LoopMaxMs,MODBUS RTU (Zero-based Addressing),4x,85,max loop ms,32-bit Float
HeapTotalBytes,MODBUS RTU (Zero-based Addressing),4x,87,bytes,32-bit Unsigned
HeapFreeBytes,MODBUS RTU (Zero-based Addressing),4x,89,bytes,32-bit Unsigned
HeapMinFreeBytes,MODBUS RTU (Zero-based Addressing),4x,91,bytes,32-bit Unsigned
HeapFreePercent,MODBUS RTU (Zero-based Addressing),4x,93,percent,32-bit Float
PsramTotalBytes,MODBUS RTU (Zero-based Addressing),4x,95,bytes,32-bit Unsigned
PsramFreeBytes,MODBUS RTU (Zero-based Addressing),4x,97,bytes,32-bit Unsigned
PsramFreePercent,MODBUS RTU (Zero-based Addressing),4x,99,percent,32-bit Float
FlashSizeBytes,MODBUS RTU (Zero-based Addressing),4x,101,bytes,32-bit Unsigned
SketchSizeBytes,MODBUS RTU (Zero-based Addressing),4x,103,bytes,32-bit Unsigned
FreeSketchBytes,MODBUS RTU (Zero-based Addressing),4x,105,bytes,32-bit Unsigned
ChipTemperatureC,MODBUS RTU (Zero-based Addressing),4x,107,ESP32 internal temperature C,32-bit Float
WifiRssi,MODBUS RTU (Zero-based Addressing),4x,109,dBm,16-bit Signed
WifiStatus,MODBUS RTU (Zero-based Addressing),4x,110,ESP32 WiFi status,16-bit Unsigned
MqttClientState,MODBUS RTU (Zero-based Addressing),4x,111,0 disconnected,1 connected,16-bit Signed
LastResetReason,MODBUS RTU (Zero-based Addressing),4x,112,ESP reset reason,16-bit Unsigned
FirmwareBuildMode,MODBUS RTU (Zero-based Addressing),4x,113,0 production,1 prototype,2 development,16-bit Unsigned
RtuReqCount,MODBUS RTU (Zero-based Addressing),4x,114,Modbus RTU request count,32-bit Unsigned
RtuErrCount,MODBUS RTU (Zero-based Addressing),4x,116,Modbus RTU error count,32-bit Unsigned
ControllerHeartbeat,MODBUS RTU (Zero-based Addressing),4x,118,controller heartbeat counter,32-bit Unsigned
HMI_CommandCode,MODBUS RTU (Zero-based Addressing),4x,128,write command code first; kHmiCmd_*,16-bit Unsigned
HMI_CommandSeq,MODBUS RTU (Zero-based Addressing),4x,129,increment after CommandCode,16-bit Unsigned
HMI_LastAcceptedSeq,MODBUS RTU (Zero-based Addressing),4x,130,echo of last accepted sequence,16-bit Unsigned
HMI_CommandResult,MODBUS RTU (Zero-based Addressing),4x,131,0 idle,1 accepted,2 busy,3 rejected,4 done,5 failed,16-bit Unsigned
HMI_CommandErrCode,MODBUS RTU (Zero-based Addressing),4x,132,error detail,16-bit Unsigned
HMI_CommandBusy,MODBUS RTU (Zero-based Addressing),4x,133,1=processing,16-bit Unsigned
HMI_FillMode,MODBUS RTU (Zero-based Addressing),4x,134,0=by kg,1=by amount,16-bit Unsigned
HMI_PreparedFlag,MODBUS RTU (Zero-based Addressing),4x,135,1=preset validated,16-bit Unsigned
HMI_ReadyToPrepare,MODBUS RTU (Zero-based Addressing),4x,136,1=ready for Prepare,16-bit Unsigned
HMI_ReadyToStart,MODBUS RTU (Zero-based Addressing),4x,137,1=ready for Start,16-bit Unsigned
HMI_CanTare,MODBUS RTU (Zero-based Addressing),4x,138,1=tare safe now,16-bit Unsigned
HMI_CanStop,MODBUS RTU (Zero-based Addressing),4x,139,1=fill active,16-bit Unsigned
HMI_Heartbeat,MODBUS RTU (Zero-based Addressing),4x,140,HMI writes periodically,16-bit Unsigned
HMI_WdtTimeoutSec,MODBUS RTU (Zero-based Addressing),4x,141,0 disables watchdog; default 30,16-bit Unsigned
HMI_HeartbeatAgeSec,MODBUS RTU (Zero-based Addressing),4x,142,seconds since last HMI heartbeat,16-bit Unsigned
HMI_Reserved,MODBUS RTU (Zero-based Addressing),4x,143,reserved,16-bit Unsigned
HMI_PresetTare,MODBUS RTU (Zero-based Addressing),4x,144,tare kg; write both words together (FC16),32-bit Float
HMI_PresetTargetKg,MODBUS RTU (Zero-based Addressing),4x,146,target fill kg,32-bit Float
HMI_PresetRatePerKg,MODBUS RTU (Zero-based Addressing),4x,148,PKR/kg,32-bit Float
HMI_PresetAmount,MODBUS RTU (Zero-based Addressing),4x,150,target amount PKR,32-bit Float
HMI_PresetValid,MODBUS RTU (Zero-based Addressing),4x,152,1=preset validated,16-bit Unsigned
HMI_PresetErrCode,MODBUS RTU (Zero-based Addressing),4x,153,preset error code,16-bit Unsigned
HMI_LastFillResult,MODBUS RTU (Zero-based Addressing),4x,154,last fill result,16-bit Unsigned
HMI_LastFillErrCode,MODBUS RTU (Zero-based Addressing),4x,155,last fill error code,16-bit Unsigned